Method,CPUs,Mean_Time,Std_Time,Speedup,Efficiency,P_Estimated
Serial,1,61.51554316666685,8.384969829495622,1.0,1.0,
Loky,2,64.09225246666513,6.007750608020452,0.9597968677830687,0.47989843389153436,0.0
Loky,4,60.18169939999643,1.7795612060557235,1.0221636108645762,0.25554090271614405,0.028910715308846435
Loky,8,47.885052033328975,6.639115317965768,1.284650231221442,0.16058127890268026,0.2532320020353354
Loky,16,55.02976360000321,3.7635806561405865,1.1178594844384042,0.06986621777740026,0.11246206267518741
