Method,CPUs,Mean_Time,Std_Time,Speedup,Efficiency,P_Estimated
Serial,1,63.13204229999974,0.5186223573255696,1.0,1.0,
Loky,2,59.58761486666723,0.6005016246252374,1.0594826196897373,0.5297413098448687,0.11228616417918481
Loky,4,52.212253399998495,0.7042733120122998,1.2091422642946408,0.3022855660736602,0.23062327786178793
Loky,8,48.913087699996446,1.2219676592618096,1.2906983645607049,0.1613372955700881,0.2574007308579539
Loky,16,47.657647899999574,0.9566688116431444,1.3246990794105116,0.08279369246315697,0.26145234799941797
