Method,CPUs,Mean_Time,Std_Time,Speedup,Efficiency,P_Estimated
Serial,1,57.86943233333295,0.5558805860897118,1.0,1.0,
Multiprocessing,2,55.91645216666317,4.856002712137033,1.03492675395157,0.517463376975785,0.0674960886231075
Multiprocessing,4,50.03856773333246,2.0805853889835317,1.1564965776345368,0.2891241444086342,0.1804260449602946
Multiprocessing,8,50.13901813333117,1.5538881716202637,1.1541796087718519,0.14427245109648149,0.15266711162513827
Loky,2,60.173766700002794,0.24051554146820234,0.9617053328544624,0.4808526664272312,0.0
Loky,4,54.15026236666745,1.4687713975744443,1.0686823997542598,0.26717059993856496,0.08569106502244025
Loky,8,52.01194259999951,1.6920994632630775,1.1126181688382757,0.13907727110478446,0.11567892946301794
